{"CHICAGO, IL 60601": [41.8872334, -87.6172586], "DETROIT, MI 48201": [42.3417465, -83.0600967], "44129": [41.3961669, -81.7378479]}