{"41.39617,-81.73785|41.88723,-87.61726": {"miles": 340, "minutes": 361, "source": "ors", "ts": 1779657607.0057595}}